displayName,suburb,state,country,direct
REPCO CAMPERDOWN,CAMPERDOWN,NSW,AU
REPCO ST PETERS,ST PETERS,NSW,AU
REPCO CROYDON,CROYDON,NSW,AU
REPCO CHATSWOOD,CHATSWOOD,NSW,AU
REPCO GLADESVILLE,GLADESVILLE,NSW,AU
REPCO ROCKDALE,ROCKDALE,NSW,AU
REPCO BROOKVALE,BROOKVALE,NSW,AU
REPCO LIDCOMBE,LIDCOMBE,NSW,AU
REPCO BANKSTOWN,BANKSTOWN,NSW,AU
REPCO TAREN POINT,TAREN POINT,NSW,AU
REPCO WAITARA,WAITARA,NSW,AU
REPCO NORTH PARRAMATTA,NORTH PARRAMATTA,NSW,AU
REPCO MONA VALE,MONA VALE,NSW,AU
REPCO SMITHFIELD,SMITHFIELD,NSW,AU
REPCO DURAL,DURAL,NSW,AU
REPCO CASTLE HILL,CASTLE HILL,NSW,AU
REPCO BLACKTOWN,BLACKTOWN,NSW,AU
REPCO HOXTON PARK,HOXTON PARK,NSW,AU
REPCO INGLEBURN,INGLEBURN,NSW,AU
REPCO MINCHINBURY,MINCHINBURY,NSW,AU
REPCO CAMPBELLTOWN,CAMPBELLTOWN,NSW,AU
REPCO WOY WOY,WOY WOY,NSW,AU
REPCO MCGRATHS HILL,VINEYARD,NSW,AU
REPCO GREGORY HILLS,GREGORY HILLS,NSW,AU
REPCO PENRITH,PENRITH,NSW,AU
REPCO WEST GOSFORD,WEST GOSFORD,NSW,AU
REPCO ERINA,ERINA,NSW,AU
REPCO SPRINGWOOD NSW,SPRINGWOOD,NSW,AU
REPCO LONG JETTY,LONG JETTY,NSW,AU
REPCO TUGGERAH,TUGGERAH,NSW,AU
REPCO WOLLONGONG,WOLLONGONG,NSW,AU
REPCO LAKE HAVEN,LAKE HAVEN,NSW,AU
REPCO KATOOMBA,KATOOMBA,NSW,AU
REPCO SHELLHARBOUR,SHELLHARBOUR,NSW,AU
REPCO MITTAGONG,MITTAGONG,NSW,AU
REPCO TORONTO,TORONTO,NSW,AU
REPCO GATESHEAD,GATESHEAD,NSW,AU
REPCO CESSNOCK,CESSNOCK,NSW,AU
REPCO NEWCASTLE,HAMILTON,NSW,AU
REPCO NOWRA,NOWRA,NSW,AU
REPCO GREEN HILLS,GREEN HILLS,NSW,AU
REPCO RUTHERFORD,RUTHERFORD,NSW,AU
REPCO RAYMOND TERRACE,RAYMOND TERRACE,NSW,AU
REPCO SINGLETON,SINGLETON,NSW,AU
REPCO TAYLORS BEACH,TAYLORS BEACH,NSW,AU
REPCO BATHURST,KELSO,NSW,AU
REPCO GOULBURN,GOULBURN,NSW,AU
REPCO ULLADULLA,ULLADULLA,NSW,AU
REPCO MUSWELLBROOK,MUSWELLBROOK,NSW,AU
REPCO MUDGEE,MUDGEE,NSW,AU
REPCO ORANGE,ORANGE,NSW,AU
REPCO FORSTER,FORSTER,NSW,AU
REPCO BATEMANS BAY,BATEMANS BAY,NSW,AU
REPCO COWRA,COWRA,NSW,AU
REPCO TAREE,TAREE,NSW,AU
REPCO YOUNG,YOUNG,NSW,AU
REPCO PARKES,PARKES,NSW,AU
REPCO FORBES,FORBES,NSW,AU
REPCO DUBBO,DUBBO,NSW,AU
REPCO COOTAMUNDRA,COOTAMUNDRA,NSW,AU
REPCO TAMWORTH,TAMWORTH,NSW,AU
REPCO PORT MACQUARIE,PORT MACQUARIE,NSW,AU
REPCO TUMUT,TUMUT,NSW,AU
REPCO COOMA,COOMA,NSW,AU
REPCO BEGA,BEGA,NSW,AU
REPCO TEMORA,TEMORA,NSW,AU
REPCO KEMPSEY,KEMPSEY,NSW,AU
REPCO ARMIDALE,ARMIDALE,NSW,AU
REPCO WAGGA WAGGA,EAST WAGGA WAGGA,NSW,AU
REPCO NAMBUCCA HEADS,NAMBUCCA HEADS,NSW,AU
REPCO NARRABRI,NARRABRI,NSW,AU
REPCO COFFS HARBOUR,COFFS HARBOUR,NSW,AU
REPCO INVERELL,INVERELL,NSW,AU
REPCO ALBURY,ALBURY,NSW,AU
REPCO GRIFFITH,GRIFFITH,NSW,AU
REPCO GRAFTON,GRAFTON,NSW,AU
REPCO MOREE,MOREE,NSW,AU
REPCO YAMBA,YAMBA,NSW,AU
REPCO CASINO,CASINO,NSW,AU
REPCO LISMORE,LISMORE,NSW,AU
REPCO BALLINA,BALLINA,NSW,AU
REPCO DENILIQUIN,DENILIQUIN,NSW,AU
REPCO MURWILLUMBAH,MURWILLUMBAH,NSW,AU
REPCO SOUTH TWEED HEADS,TWEED HEADS,NSW,AU
REPCO BROKEN HILL,BROKEN HILL,NSW,AU
NAPA WAGGA WAGGA,WAGGA WAGGA,NSW,AU
NAPA NEWCASTLE,NEWCASTLE,NSW,AU
NAPA WOLLONGONG,WOLLONGONG,NSW,AU
NAPA PENRITH,PENRITH,NSW,AU
NAPA TAMWORTH,TAMWORTH,NSW,AU
NAPA AUBURN,AUBURN,NSW,AU
NAPA BERESFIELD,BERESFIELD,NSW,AU
NAPA ALBURY,ALBURY,NSW,AU
NAPA SMEATON GRANGE,SMEATON GRANGE,NSW,AU
NAPA COFFS HARBOUR,COFFS HARBOUR,NSW,AU
NAPA DUBBO,DUBBO,NSW,AU
NAPA WETHERILL PARK,WETHERILL PARK,NSW,AU
REPCO MITCHELL,MITCHELL,ACT,AU
REPCO FYSHWICK,FYSHWICK,ACT,AU
REPCO BELCONNEN,BELCONNEN,ACT,AU
REPCO PHILLIP,PHILLIP,ACT,AU
REPCO TUGGERANONG,GREENWAY,ACT,AU
NAPA CANBERRA,CANBERRA,ACT,AU
REPCO WODONGA,WODONGA,VIC,AU
REPCO WANGARATTA,WANGARATTA,VIC,AU
REPCO YARRAWONGA,YARRAWONGA,VIC,AU
REPCO BAIRNSDALE,BAIRNSDALE,VIC,AU
REPCO COBRAM,COBRAM,VIC,AU
REPCO BENALLA,BENALLA,VIC,AU
REPCO SHEPPARTON,SHEPPARTON,VIC,AU
REPCO SALE,SALE,VIC,AU
REPCO TRARALGON,TRARALGON,VIC,AU
REPCO ECHUCA,ECHUCA,VIC,AU
REPCO MORWELL,MORWELL,VIC,AU
REPCO SEYMOUR,SEYMOUR,VIC,AU
REPCO MOE,MOE,VIC,AU
REPCO WARRAGUL,WARRAGUL,VIC,AU
REPCO LILYDALE,LILYDALE,VIC,AU
REPCO KILMORE,KILMORE,VIC,AU
REPCO BAYSWATER,BAYSWATER,VIC,AU
REPCO SOUTH MORANG,SOUTH MORANG,VIC,AU
REPCO ELTHAM,ELTHAM,VIC,AU
REPCO FERNTREE GULLY,FERNTREE GULLY,VIC,AU
REPCO PAKENHAM,PAKENHAM,VIC,AU
REPCO PAKENHAM LAKESIDE,PAKENHAM,VIC,AU
REPCO LEONGATHA,LEONGATHA,VIC,AU
REPCO NUNAWADING,NUNAWADING,VIC,AU
REPCO EPPING,EPPING,VIC,AU
REPCO THOMASTOWN,THOMASTOWN,VIC,AU
REPCO TOOWOOMBA,TOOWOOMBA,QLD,AU
REPCO BOX HILL,BOX HILL SOUTH,VIC,AU
REPCO NARRE WARREN,NARRE WARREN,VIC,AU
REPCO ROXBURGH PARK,ROXBURGH PARK,VIC,AU
REPCO PRESTON,PRESTON,VIC,AU
REPCO FAWKNER,FAWKNER,VIC,AU
REPCO CLYDE NORTH,CLYDE NORTH,VIC,AU
REPCO BENDIGO,BENDIGO,VIC,AU
REPCO DOVETON,DOVETON,VIC,AU
REPCO CLAYTON,SPRINGVALE,VIC,AU
REPCO DANDENONG,DANDENONG,VIC,AU
REPCO OAKLEIGH,OAKLEIGH,VIC,AU
REPCO BRUNSWICK,BRUNSWICK,VIC,AU
REPCO RICHMOND VIC,RICHMOND,VIC,AU
REPCO CRANBOURNE,CRANBOURNE,VIC,AU
REPCO KANGAROO FLAT,KANGAROO FLAT,VIC,AU
REPCO AIRPORT WEST,AIRPORT WEST,VIC,AU
REPCO BENTLEIGH EAST,BENTLEIGH EAST,VIC,AU
REPCO MOORABBIN,HEATHERTON,VIC,AU
REPCO MENTONE,MENTONE,VIC,AU
REPCO SUNBURY,SUNBURY,VIC,AU
REPCO FOOTSCRAY,FOOTSCRAY,VIC,AU
REPCO CARRUM DOWNS,CARRUM DOWNS,VIC,AU
REPCO WATER GARDENS,WATER GARDENS,VIC,AU
REPCO SWAN HILL,SWAN HILL,VIC,AU
REPCO SUNSHINE,SUNSHINE,VIC,AU
REPCO FRANKSTON,FRANKSTON,VIC,AU
REPCO ALTONA,ALTONA NORTH,VIC,AU
REPCO CAROLINE SPRINGS,CAROLINE SPRINGS,VIC,AU
REPCO WONTHAGGI,WONTHAGGI,VIC,AU
REPCO MELTON,MELTON,VIC,AU
REPCO HASTINGS,HASTINGS,VIC,AU
REPCO TARNEIT,TARNEIT,VIC,AU
REPCO MORNINGTON VIC,MORNINGTON,VIC,AU
REPCO HOPPERS CROSSING,HOPPERS CROSSING,VIC,AU
REPCO ROSEBUD,ROSEBUD,VIC,AU
REPCO MARYBOROUGH VIC,MARYBOROUGH,VIC,AU
REPCO GEELONG NORTH,NORLANE,VIC,AU
REPCO GEELONG,GEELONG,VIC,AU
REPCO BALLARAT,BALLARAT,VIC,AU
REPCO WAURN PONDS,WAURN PONDS,VIC,AU
REPCO MILDURA,MILDURA,VIC,AU
REPCO ARARAT,ARARAT,VIC,AU
REPCO COLAC,COLAC,VIC,AU
REPCO HORSHAM,HORSHAM,VIC,AU
REPCO WARRNAMBOOL,WARRNAMBOOL,VIC,AU
REPCO HAMILTON,HAMILTON,VIC,AU
REPCO PORTLAND,PORTLAND,VIC,AU
REPCO ROWVILLE,ROWVILLE,VIC,AU
NAPA CLAYTON,CLAYTON,VIC,AU
NAPA PRESTON,PRESTON,VIC,AU
NAPA BENDIGO,BENDIGO,VIC,AU
NAPA PAKENHAM,PAKENHAM,VIC,AU
NAPA GEELONG,GEELONG,VIC,AU
NAPA BAYSWATER,BAYSWATER,VIC,AU
NAPA SUNSHINE WEST,SUNSHINE WEST,VIC,AU
NAPA EPPING,EPPING,VIC,AU
NAPA TULLAMARINE,TULLAMARINE,VIC,AU
NAPA BALLARAT,BALLARAT,VIC,AU
NAPA DANDENONG,DANDENONG,VIC,AU
GPC ROWVILLE,ROWVILLE,VIC,AU
REPCO STANTHORPE,STANTHORPE,QLD,AU
REPCO GOONDIWINDI,GOONDIWINDI,QLD,AU
REPCO WARWICK,WARWICK,QLD,AU
REPCO CURRUMBIN,CURRUMBIN,QLD,AU
REPCO BEAUDESERT,BEAUDESERT,QLD,AU
REPCO BURLEIGH HEADS,BURLEIGH HEADS,QLD,AU
REPCO ROBINA,ROBINA,QLD,AU
REPCO NERANG,NERANG,QLD,AU
REPCO BUNDALL,BUNDALL,QLD,AU
REPCO LABRADOR,LABRADOR,QLD,AU
REPCO OXENFORD,OXENFORD,QLD,AU
REPCO PIMPAMA,PIMPAMA,QLD,AU
REPCO TOOWOOMBA,TOOWOOMBA,QLD,AU
REPCO WEST TOOWOOMBA,WEST TOOWOOMBA,QLD,AU
REPCO GATTON,GATTON,QLD,AU
REPCO BEENLEIGH,BEENLEIGH,QLD,AU
REPCO WEST IPSWICH,WEST IPSWICH,QLD,AU
REPCO BOOVAL,BOOVAL,QLD,AU
REPCO BROWNS PLAINS,BROWNS PLAINS,QLD,AU
REPCO GOODNA,GOODNA,QLD,AU
REPCO RICHLANDS,RICHLANDS,QLD,AU
REPCO REPCO MAX LOGAN CITY,SLACKS CREEK,QLD,AU
REPCO SUMNER PARK,SUMNER PARK,QLD,AU
REPCO COOPERS PLAINS,COOPERS PLAINS,QLD,AU
REPCO MACGREGOR,MACGREGOR,QLD,AU
REPCO INDOOROOPILLY,INDOOROOPILLY,QLD,AU
REPCO WOOLLOONGABBA,WOOLLOONGABBA,QLD,AU
REPCO CAPALABA,CAPALABA,QLD,AU
REPCO ALBION,ALBION,QLD,AU
REPCO ENOGGERA,ENOGGERA,QLD,AU
REPCO WYNNUM,WYNNUM,QLD,AU
REPCO KEDRON,KEDRON,QLD,AU
REPCO DALBY,DALBY,QLD,AU
REPCO VIRGINIA,VIRGINIA,QLD,AU
REPCO LAWNTON,LAWNTON,QLD,AU
REPCO NORTH LAKES,NORTH LAKES,QLD,AU
REPCO KIPPA RING,KIPPA-RING,QLD,AU
REPCO MORAYFIELD,MORAYFIELD,QLD,AU
REPCO CHINCHILLA,CHINCHILLA,QLD,AU
REPCO CALOUNDRA,CALOUNDRA,QLD,AU
REPCO KAWANA,BIRTINYA,QLD,AU
REPCO KINGAROY,KINGAROY,QLD,AU
REPCO MAROOCHYDORE,MAROOCHYDORE,QLD,AU
REPCO NAMBOUR,NAMBOUR,QLD,AU
REPCO ROMA,ROMA,QLD,AU
REPCO NOOSAVILLE,NOOSAVILLE,QLD,AU
REPCO GYMPIE,GYMPIE,QLD,AU
REPCO MARYBOROUGH QLD,MARYBOROUGH,QLD,AU
REPCO WEST BUNDABERG,KENSINGTON,QLD,AU
REPCO BUNDABERG,BUNDABERG,QLD,AU
REPCO BILOELA,BILOELA,QLD,AU
REPCO GLADSTONE,GLADSTONE,QLD,AU
REPCO ROCKHAMPTON,ROCKHAMPTON,QLD,AU
REPCO NORTH ROCKHAMPTON,NORTH ROCKHAMPTON,QLD,AU
REPCO EMERALD,EMERALD,QLD,AU
REPCO YEPPOON,YEPPOON,QLD,AU
REPCO PAGET,PAGET,QLD,AU
REPCO MACKAY,MACKAY,QLD,AU
REPCO NORTH MACKAY,NORTH MACKAY,QLD,AU
REPCO AIRLIE BEACH,AIRLIE BEACH,QLD,AU
REPCO BOWEN,BOWEN,QLD,AU
REPCO CHARTERS TOWERS,CHARTERS TOWERS,QLD,AU
REPCO AYR,AYR,QLD,AU
REPCO THURINGOWA,THURINGOWA,QLD,AU
REPCO TOWNSVILLE,GARBUTT,QLD,AU
REPCO INGHAM,INGHAM,QLD,AU
REPCO MOUNT ISA,MOUNT ISA,QLD,AU
REPCO INNISFAIL,INNISFAIL,QLD,AU
REPCO ATHERTON,ATHERTON,QLD,AU
REPCO CAIRNS,CAIRNS,QLD,AU
REPCO MAREEBA,MAREEBA,QLD,AU
REPCO NORTH CAIRNS,NORTH CAIRNS,QLD,AU
NAPA GLADSTONE,GLADSTONE,QLD,AU
NAPA ROCKHAMPTON,ROCKHAMPTON,QLD,AU
NAPA CAIRNS,CAIRNS,QLD,AU
NAPA MT ISA,MT ISA,QLD,AU
NAPA TOWNSVILLE,TOWNSVILLE,QLD,AU
NAPA MACKAY,MACKAY,QLD,AU
NAPA EMERALD,EMERALD,QLD,AU
NAPA SLACKS CREEK,SLACKS CREEK,QLD,AU
NAPA BUNDABERG,BUNDABERG,QLD,AU
NAPA CAPALABA,CAPALABA,QLD,AU
NAPA SUNSHINE COAST,SUNSHINE COAST,QLD,AU
NAPA YATALA,YATALA,QLD,AU
NAPA CABOOLTURE,CABOOLTURE,QLD,AU
NAPA BURLEIGH HEADS,BURLEIGH HEADS,QLD,AU
NAPA VIRGINIA,VIRGINIA,QLD,AU
NAPA COOPERS PLAINS,COOPERS PLAINS,QLD,AU
NAPA TOOWOOMBA,TOOWOOMBA,QLD,AU
NAPA BRISBANE AIRPORT,BRISBANE AIRPORT,QLD,AU
GPC BRISBANE AIRPORT,BRISBANE AIRPORT,QLD,AU
REPCO BERRI,BERRI,SA,AU
REPCO NARACOORTE,NARACOORTE,SA,AU
REPCO MOUNT GAMBIER,MOUNT GAMBIER,SA,AU
REPCO MURRAY BRIDGE,MURRAY BRIDGE,SA,AU
REPCO MOUNT BARKER,TOTNESS,SA,AU
REPCO GAWLER,GAWLER,SA,AU
REPCO MUNNO PARA,SMITHFIELD PLAINS,SA,AU
REPCO MODBURY,MODBURY,SA,AU
REPCO ELIZABETH,ELIZABETH,SA,AU
REPCO PARAFIELD,PARAFIELD,SA,AU
REPCO MARDEN,MARDEN,SA,AU
REPCO CHURCHILL,KILBURN,SA,AU
REPCO MARLESTON,MARLESTON,SA,AU
REPCO VICTOR HARBOR,VICTOR HARBOR,SA,AU
REPCO MARION,MITCHELL PARK,SA,AU
REPCO KIDMAN PARK,KIDMAN PARK,SA,AU
REPCO PORT ADELAIDE,PORT ADELAIDE,SA,AU
REPCO NOARLUNGA,NOARLUNGA,SA,AU
REPCO PORT PIRIE,PORT PIRIE,SA,AU
REPCO KADINA,KADINA,SA,AU
REPCO WHYALLA,WHYALLA,SA,AU
REPCO PORT LINCOLN,PORT LINCOLN,SA,AU
NAPA WOODVILLE,WOODVILLE,SA,AU
REPCO LAUNCESTON,LAUNCESTON,TAS,AU
REPCO DEVONPORT,DEVONPORT,TAS,AU
REPCO ULVERSTONE,ULVERSTONE,TAS,AU
REPCO BURNIE,BURNIE,TAS,AU
REPCO MORNINGTON TAS,MORNINGTON,TAS,AU
REPCO DERWENT PARK,DERWENT PARK,TAS,AU
REPCO HOBART,HOBART,TAS,AU
REPCO KINGSTON,KINGSTON,TAS,AU
NAPA HOBART,HOBART,TAS,AU
NAPA TRARALGON,TRARALGON,VIC,AU
NAPA LAUNCESTON,LAUNCESTON,TAS,AU
REPCO ALICE SPRINGS,ALICE SPRINGS,NT,AU
REPCO KATHERINE,KATHERINE,NT,AU
REPCO PALMERSTON,YARRAWONGA,NT,AU
REPCO WINNELLIE,WINNELLIE,NT,AU
REPCO CASUARINA,CASUARINA,NT,AU
NAPA DARWIN,DARWIN,NT,AU
NAPA ALICE SPRINGS,ALICE SPRINGS,NT,AU
REPCO ESPERANCE,ESPERANCE,WA,AU
REPCO KALGOORLIE,KALGOORLIE,WA,AU
REPCO ALBANY,ALBANY,WA,AU
REPCO NARROGIN,NARROGIN,WA,AU
REPCO NORTHAM,NORTHAM,WA,AU
REPCO DONNYBROOK,DONNYBROOK,WA,AU
REPCO TREENDALE,AUSTRALIND,WA,AU
REPCO BYFORD,BYFORD,WA,AU
REPCO KELMSCOTT,KELMSCOTT,WA,AU
REPCO FORRESTDALE,FORRESTDALE,WA,AU
REPCO BUNBURY,BUNBURY,WA,AU
REPCO MIDLAND,MIDLAND,WA,AU
REPCO CANNINGTON,CANNINGTON,WA,AU
REPCO CANNING VALE,CANNING VALE,WA,AU
REPCO BELMONT,BELMONT,WA,AU
REPCO VICTORIA PARK,VICTORIA PARK,WA,AU
REPCO BALDIVIS,BALDIVIS,WA,AU
REPCO ELLENBROOK,ELLENBROOK,WA,AU
REPCO COCKBURN,COCKBURN CENTRAL,WA,AU
REPCO KWINANA,KWINANA,WA,AU
REPCO MANDURAH,MANDURAH,WA,AU
REPCO MORLEY,MORLEY,WA,AU
REPCO HALLS HEAD,HALLS HEAD,WA,AU
REPCO MALAGA,MALAGA,WA,AU
REPCO MYAREE,MYAREE,WA,AU
REPCO BIBRA LAKE,BIBRA LAKE,WA,AU
REPCO ROCKINGHAM,ROCKINGHAM,WA,AU
REPCO OSBORNE PARK,OSBORNE PARK,WA,AU
REPCO BALCATTA,BALCATTA,WA,AU
REPCO BUSSELTON,BUSSELTON,WA,AU
REPCO WANGARA,WANGARA,WA,AU
REPCO BANKSIA GROVE,BANKSIA GROVE,WA,AU
REPCO JOONDALUP,JOONDALUP,WA,AU
REPCO CLARKSON,CLARKSON,WA,AU
REPCO BUTLER,BUTLER,WA,AU
REPCO MARGARET RIVER,MARGARET RIVER,WA,AU
REPCO BROOME,BROOME,WA,AU
REPCO GERALDTON,GERALDTON,WA,AU
REPCO PORT HEDLAND,PORT HEDLAND,WA,AU
REPCO KARRATHA,KARRATHA,WA,AU
REPCO CARNARVON,CARNARVON,WA,AU
NAPA BIBRA LAKE,BIBRA LAKE,WA,AU
NAPA MIDLAND,MIDLAND,WA,AU
NAPA OSBORNE PARK,OSBORNE PARK,WA,AU
NAPA KELMSCOTT,KELMSCOTT,WA,AU
NAPA KALGOORLIE,KALGOORLIE,WA,AU
NAPA KEWDALE,KEWDALE,WA,AU
NAPA MALAGA,MALAGA,WA,AU
NAPA JOONDALUP,JOONDALUP,WA,AU
NAPA MANDURAH,MANDURAH,WA,AU
NAPA ROCKINGHAM,ROCKINGHAM,WA,AU
NAPA GERALDTON,GERALDTON,WA,AU
NAPA WANGARA,WANGARA,WA,AU
NAPA BUNBURY,BUNBURY,WA,AU
NAPA KARRATHA,KARRATHA,WA,AU
NAPA ALBANY,ALBANY,WA,AU
MSP DRIVETECH WA,DRIVETECH WA,WA,AU
REPCO AUCKLAND CBD,AUCKLAND CBD,NI,NZ
REPCO MANUKAU,MANUKAU,NI,NZ
REPCO HAMILTON,HAMILTON,NI,NZ
REPCO TAURANGA,TAURANGA,NI,NZ
REPCO PALMERSTON NORTH,PALMERSTON NORTH,NI,NZ
REPCO WELLINGTON,WELLINGTON,NI,NZ
NAPA AUCKLAND,AUCKLAND CBD,NI,NZ
NAPA WELLINGTON,WELLINGTON,NI,NZ
REPCO CHRISTCHURCH,CHRISTCHURCH,SI,NZ
REPCO DUNEDIN,DUNEDIN,SI,NZ
NAPA CHRISTCHURCH,CHRISTCHURCH,SI,NZ
